{"cameraMode":{"drawMode":0,"name":"Shaded","section":"Shading Mode"},"sceneLighting":true,"audioPlay":false,"sceneViewState":{"m_AlwaysRefresh":false,"showFog":true,"showSkybox":true,"showFlares":true,"showImageEffects":true,"showParticleSystems":true,"showVisualEffectGraphs":true,"m_FxEnabled":true},"in2DMode":false,"pivot":{"x":3685.550048828125,"y":559.5999755859375,"z":3479.32861328125},"rotation":{"x":0.24572084844112397,"y":0.07378921657800675,"z":-0.018768496811389924,"w":0.9663528203964233},"size":11.648881912231446,"orthographic":false}